Name,FDC,FBD,PLO,Ske,Kur,CL,h_max,Ang,NBC,Gra,MAPE,RD
real_test,0.06064478022292486,0,0.026696329254727477,1.654011181524247,2.7373558403713645,4.029518821381425,0.7966319387518175,nan,0.8614900376619403,nan,0,0
