Name,FDC,FBD,PLO,Ske,Kur,CL,h_max,Ang,NBC,Gra,MAPE,RD
real_test,0.06136500663140933,0,0.050411522633744855,0.6859610589676035,-0.629913527435551,2.1935901515903975,0.8343413813950759,nan,0.014212105054830651,nan,0,0
