Name,FDC,FBD,PLO,Ske,Kur,CL,h_max,Ang,NBC,Gra,MAPE,RD
real_test,0.39049633197440414,0,0.8438475952529669,2.6902552488637013,6.669789549552609,1.107636370147533,0.8034741032276642,nan,0.9639935138609509,nan,0,0
