Name,FDC,FBD,PLO,Ske,Kur,CL,h_max,Ang,NBC,Gra,MAPE,RD
real_test,-0.39084528625064474,0,0.009765625,1.1739298962835998,0.5545199877075953,3.2961197657872896,0.8070720291390514,nan,0.9951432624448376,nan,0,0
