Name,FDC,FBD,PLO,Ske,Kur,CL,h_max,Ang,NBC,Gra,MAPE,RD
real_test,0.2856569220723398,0,0.011962890625,0.9401612632418265,0.5008555267484591,3.0863499014815083,0.8202285746074367,nan,0.9947085018166905,nan,0,0
