Name,FDC,FBD,PLO,Ske,Kur,CL,h_max,Ang,NBC,Gra,MAPE,RD
real_test,0.13124685065996713,0,0.013599537037037037,2.493304605266084,5.363587655382112,1.41256018472003,0.6044239726726858,nan,0.45813817534756796,nan,0,0
