Name,FDC,FBD,PLO,Ske,Kur,CL,h_max,Ang,NBC,Gra,MAPE,RD
real_test,0.33318653611013027,0,0.03976608187134503,-0.04518204816833798,-1.3732059108566346,2.630641511088155,0.8546535639139928,nan,0.6780549833337797,nan,0,0
