Name,FDC,FBD,PLO,Ske,Kur,CL,h_max,Ang,NBC,Gra,MAPE,RD
real_test,0.3179432782416472,0,0.9215549348230913,9.121022909535053,86.62330769634178,3.405443938223783,0.8146573919940442,nan,0.9338168282455784,nan,0,0
