Name,FDC,FBD,PLO,Ske,Kur,CL,h_max,Ang,NBC,Gra,MAPE,RD
real_test,0.18278922597564207,0,0.034722222222222224,0.4693417956193783,-1.4099493264782084,3.3605297841651143,0.8075528300661596,nan,0.15127106817780922,nan,0,0
