Name,FDC,FBD,PLO,Ske,Kur,CL,h_max,Ang,NBC,Gra,MAPE,RD
Landscape results/javagc/DaL/javagc_DaL_Run15_None-Off_3718-163257_06-28_04-29-06_2.csv,0.12328029152773716,29,0.24175106783802436,6.358643847052432,90.72462769887362,1.7940035484122874,0.7710885206021778,nan,0.5264051406685943,nan,10.271614601617472,8223.530294269425
Landscape results/javagc/DaL/javagc_DaL_Run26_None-Off_3718-163257_07-04_12-15-47_2.csv,-0.09486392360340638,30,0.25224732372651654,6.675232149954787,95.63380607348452,1.1369295210013464,0.7863909550745676,nan,0.5330341052851368,nan,15.987384243826233,10861.31723010357
Landscape results/javagc/DaL/javagc_DaL_Run18_None-Off_3718-163257_07-02_11-29-55_2.csv,-0.11706516842924888,31,0.2324664747682609,6.159718848181986,80.13679431044764,2.2032366017947065,0.7802106724571285,nan,0.5300498815230505,nan,15.411722491243477,12399.151359349453
Landscape results/javagc/DaL/javagc_DaL_Run25_None-Off_3718-163257_07-05_18-17-38_2.csv,0.1495248188720746,32,0.2548215018465326,5.413641725060137,58.49325077782185,1.8737492560996056,0.7702674714105524,nan,0.5095362329481209,nan,12.076917364724741,9683.192468385123
Landscape results/javagc/DaL/javagc_DaL_Run19_None-Off_3718-163257_07-03_23-55-20_2.csv,-0.20005255184615026,13,0.18860628065877905,7.046274118606748,102.79076016948231,1.7441698631018776,0.7798853957193799,nan,0.5401449980255709,nan,18.112933265725182,13933.231200611777
