Name,FDC,FBD,PLO,Ske,Kur,CL,h_max,Ang,NBC,Gra,MAPE,RD
Landscape results/javagc/DECART/javagc_DECART_Run14_None-Off_3718-163257_05-31_03-13-50_2.csv,-0.19101643321112746,20,0.5893799697849509,3.3213383036971362,16.360329738789005,2.850288851782478,0.7036574183711037,nan,0.07682376017405616,nan,7.0788573333780676,4727.343954192494
Landscape results/javagc/DECART/javagc_DECART_Run10_None-Off_3718-163257_05-31_03-09-13_2.csv,-0.25680467412990615,5,0.5970827608075256,6.552724116778329,81.96397339209459,3.0006470344202794,0.6982210056867679,nan,0.06897285388408665,nan,8.04384105008539,4693.736845377618
Landscape results/javagc/DECART/javagc_DECART_Run19_None-Off_3718-163257_05-31_03-20-29_2.csv,-0.24533363407686926,18,0.5939767350770627,7.489523284981689,105.97607070308808,8.069508249786912,0.6966918328118422,nan,0.08372333211755013,nan,7.757824875649744,4800.961148449109
Landscape results/javagc/DECART/javagc_DECART_Run26_None-Off_3718-163257_05-31_03-29-15_2.csv,0.053406306799484105,21,0.5519650872197839,9.369926405994326,150.22724434751925,2.687553697868218,0.7463537649306329,nan,0.0789248016882866,nan,7.92500547744995,4787.1125091695785
Landscape results/javagc/DECART/javagc_DECART_Run13_None-Off_3718-163257_05-31_03-12-41_2.csv,-0.19624064988558626,20,0.5857618055771443,7.049554512445607,100.74000100423184,3.5533923788301927,0.7023272154676062,nan,0.0642375170307574,nan,7.224248070943638,4773.798290173158
Landscape results/javagc/DECART/javagc_DECART_Run17_None-Off_3718-163257_05-31_03-17-53_2.csv,-0.29571979150666383,5,0.5970817350434259,4.706075154610488,35.901905825255916,3.2177751446533795,0.688563699009397,nan,0.07174776578849644,nan,6.813836613117566,4713.304105092354
