Name,FDC,FBD,PLO,Ske,Kur,CL,h_max,Ang,NBC,Gra,MAPE,RD
Landscape results/javagc/DT/javagc_DT_Run17_None-Off_3718-163257_05-31_03-16-16_2.csv,-0.1393999394864721,20,0.5281661682696194,5.716289369761605,69.3482432507752,6.490131073739215,0.7682256687725822,nan,0.11793699367682683,nan,7.119737639715891,4813.968983332194
Landscape results/javagc/DT/javagc_DT_Run22_None-Off_3718-163257_05-31_03-22-48_2.csv,-0.17609988615492525,21,0.5301863215025086,8.853723520867213,135.26004015254256,2.7528026873739444,0.7676528401565645,nan,0.09994597883786852,nan,8.312838343092183,4890.931874840691
Landscape results/javagc/DT/javagc_DT_Run11_None-Off_3718-163257_05-31_03-09-17_2.csv,-0.2869826903587565,5,0.5373189081638998,5.493833180382092,58.364370728445834,2.187873397164174,0.7619094120693188,nan,0.11355808774025684,nan,9.041780627585823,5115.355997015482
Landscape results/javagc/DT/javagc_DT_Run10_None-Off_3718-163257_05-31_03-07-46_2.csv,-0.21889716091838432,21,0.5345473989194028,6.982730539321461,94.25564116611525,1.9290566899896076,0.7655382549885069,nan,0.09851101467970595,nan,7.813306775324906,4731.533372296176
