Name,FDC,FBD,PLO,Ske,Kur,CL,h_max,Ang,NBC,Gra,MAPE,RD
Landscape results/javagc/LR/javagc_LR_Run24_None-Off_3718-163257_05-31_03-24-42_2.csv,-0.047583967541674155,13,0.270694221658522,1.4538450987633398,1.287005165999492,2.1573288733590186,0.836464234749372,nan,0.5232443736861062,nan,53.26237520158339,18777.563745787793
Landscape results/javagc/LR/javagc_LR_Run1_None-Off_3718-163257_05-31_02-58-17_2.csv,-0.08193525071973502,13,0.2696007411875167,1.3865075355709653,1.2007913205755054,2.1747037721626428,0.8330533809819858,nan,0.525343932068032,nan,59.317430572323794,18683.124298141436
