Name,FDC,FBD,PLO,Ske,Kur,CL,h_max,Ang,NBC,Gra,MAPE,RD
Landscape results/javagc/RF/javagc_RF_Run13_None-Off_3718-163257_05-31_03-16-23_2.csv,-0.21909162750015834,30,0.2039978860322691,3.278195170084672,18.558224586375886,2.093743522164191,0.7603256655604107,nan,0.5325418393269479,nan,7.5608484899254185,4723.222090962788
