Name,FDC,FBD,PLO,Ske,Kur,CL,h_max,Ang,NBC,Gra,MAPE,RD
Landscape results/javagc/SVR/javagc_SVR_Run17_None-Off_3718-163257_05-31_03-45-17_2.csv,-0.14524383175679878,26,0.25436278745904545,1.7826559620661975,2.112271777023392,2.8567623394287125,0.8149007695726121,nan,0.5348343762795987,nan,20.7459252334589,12160.529341183346
Landscape results/javagc/SVR/javagc_SVR_Run14_None-Off_3718-163257_05-31_03-41-14_2.csv,0.008783240835120784,30,0.25844436016835876,1.7256653100368808,1.7569202658067065,1.4253838832835326,0.8091438894028276,nan,0.5319332754638434,nan,20.97580898497559,12943.461457161153
Landscape results/javagc/SVR/javagc_SVR_Run15_None-Off_3718-163257_05-31_03-42-41_2.csv,-0.0943625216771277,26,0.2362859754164102,1.780057279059292,2.157629505253169,0.8980153280698877,0.8021645784518575,nan,0.5294153513936339,nan,22.09840184551519,12807.797182275443
Landscape results/javagc/SVR/javagc_SVR_Run28_None-Off_3718-163257_05-31_04-00-35_2.csv,-0.0585909220251033,30,0.26161182226808993,1.806449947358167,2.2729055425193563,1.0884185256507528,0.812470550156555,nan,0.525282548795228,nan,20.928356814888215,12446.517522645463
Landscape results/javagc/SVR/javagc_SVR_Run9_None-Off_3718-163257_05-31_03-31-38_2.csv,0.10117405012082654,27,0.22860517889893997,1.760057002967388,1.9990983931164088,0.25421231722804605,0.7993562124356287,nan,0.5316935817525705,nan,20.826112672415732,12293.695489446362
Landscape results/javagc/SVR/javagc_SVR_Run6_None-Off_3718-163257_05-31_03-24-39_2.csv,-0.1536947285104126,26,0.2578741870904366,1.8008980754481774,2.1573699033639784,3.6747383948431636,0.8114415426559332,nan,0.532476792047252,nan,21.24015910444596,12333.043850486813
