Name,FDC,FBD,PLO,Ske,Kur,CL,h_max,Ang,NBC,Gra,MAPE,RD
real_test,-0.27409785693581595,0,0.27687611356712416,7.8828089132202,131.9082893822596,1.8860836530559442,0.7569245466706237,nan,0.5085259660939874,nan,0,0
