Name,FDC,FBD,PLO,Ske,Kur,CL,h_max,Ang,NBC,Gra,MAPE,RD
real_test,0.05755117601526928,0,0.6988788040576615,-0.09056522922575481,-0.13512247359516927,1.7152741874977235,0.8687275640050202,nan,0.7582065966454934,nan,0,0
