Name,FDC,FBD,PLO,Ske,Kur,CL,h_max,Ang,NBC,Gra,MAPE,RD
real_test,0.11150453281705316,0,0.27710014673514305,13.303961869701356,333.810955981029,2.2380079451474395,0.8142247358078393,nan,0.5388756968261333,nan,0,0
