Name,FDC,FBD,PLO,Ske,Kur,CL,h_max,Ang,NBC,Gra,MAPE,RD
real_test,0.03444378612745289,0,0.038535645472061654,1.575676271495333,1.4310321950671412,2.427027571569213,0.7242665386866699,nan,0.0016484831528486962,nan,0,0
