Name,FDC,FBD,PLO,Ske,Kur,CL,h_max,Ang,NBC,Gra,MAPE,RD
real_test,0.36189621175248665,0,0.44014935207555456,0.32330755772763464,-0.5092552776492467,1.164769863956766,0.8543149415731405,nan,0.8449044794509915,nan,0,0
